basYm,fncoNm,등록 설계사,등록 설계사_교차모집 설계사,등록 설계사_전속 설계사,임직원,임직원_등기임원,임직원_비등기임원,임직원_이사대우,임직원_임원,임직원_직원,임직원_직원_비정규직원,임직원_직원_정규직원
201203,DB생명보험주식회사,3235,1791,1444,533,,,9,5,519,,
201203,DGB생명보험주식회사,1664,54,1610,350,,,5,9,336,,
201203,KB생명보험주식회사,1286,0,1286,288,,,6,8,274,,
201203,PCA생명보험주식회사,1361,0,1361,383,,,18,6,359,,
201203,교보생명보험주식회사,22338,2858,19480,4476,,,36,8,4432,,
201203,농협생명보험주식회사,1402,0,1402,652,,,2,7,643,,
201203,동양생명보험주식회사,4144,203,3941,773,,,15,9,749,,
201203,라이나생명보험주식회사,2330,0,2330,645,,,22,4,619,,
201203,메트라이프생명보험(주),7056,0,7056,634,,,13,7,614,,
201203,미래에셋생명보험주식회사,6632,192,6440,1434,,,47,7,1380,,
201203,비엔피파리바카디프생명보험주식회사,0,0,0,140,,,7,8,125,,
201203,삼성생명보험주식회사,42697,2928,39769,6357,,,80,8,6269,,
201203,신한생명보험주식회사,8632,120,8512,1340,,,19,7,1314,,
201203,아이비케이연금보험 주식회사,0,0,0,106,,,4,3,99,,
201203,에이비엘생명보험주식회사,6726,125,6601,1674,,,23,8,1643,,
201203,에이아이에이생명보험 주식회사,1137,24,1113,624,,,28,1,595,,
201203,오렌지라이프생명보험 주식회사,6674,0,6674,1052,,,34,7,1011,,
201203,처브라이프생명보험주식회사,970,0,970,256,,,6,5,245,,
201203,케이디비생명보험주식회사,4896,103,4793,871,,,13,9,849,,
201203,푸르덴셜생명보험주식회사,2078,0,2078,513,,,16,9,488,,
201203,푸본현대생명보험주식회사,1093,4,1089,426,,,13,8,405,,
201203,하나생명보험주식회사,419,0,419,240,,,3,7,230,,
201203,한화생명보험주식회사,23844,2191,21653,4339,,,52,8,4279,,
201203,흥국생명보험주식회사,4579,1097,3482,509,,,9,5,495,,
201206,DB생명보험주식회사,3291,1939,1352,545,,,9,5,531,,
201206,DGB생명보험주식회사,1611,44,1567,345,,,5,9,331,,
201206,KB생명보험주식회사,1285,0,1285,293,,,6,8,279,,
201206,PCA생명보험주식회사,1291,0,1291,388,,,20,6,362,,
201206,교보생명보험주식회사,22363,2725,19638,4648,,,43,9,4596,,
201206,농협생명보험주식회사,1393,0,1393,761,,,2,7,752,,
201206,동양생명보험주식회사,3975,207,3768,759,,,13,9,737,,
201206,라이나생명보험주식회사,2212,0,2212,647,,,24,6,617,,
201206,메트라이프생명보험(주),6554,0,6554,641,,,19,5,617,,
201206,미래에셋생명보험주식회사,6302,164,6138,1433,,,49,9,1375,,
201206,비엔피파리바카디프생명보험주식회사,0,0,0,145,,,7,8,130,,
201206,삼성생명보험주식회사,42871,2808,40063,6427,,,78,9,6340,,
201206,신한생명보험주식회사,9748,176,9572,1368,,,20,7,1341,,
201206,아이비케이연금보험 주식회사,0,0,0,108,,,4,3,101,,
201206,에이비엘생명보험주식회사,6953,111,6842,1673,,,22,6,1645,,
201206,에이아이에이생명보험 주식회사,1618,21,1597,642,,,31,1,610,,
201206,오렌지라이프생명보험 주식회사,6877,0,6877,1053,,,35,6,1012,,
201206,처브라이프생명보험주식회사,1014,0,1014,247,,,6,5,236,,
201206,케이디비생명보험주식회사,4890,99,4791,869,,,12,9,848,,
201206,푸르덴셜생명보험주식회사,2094,0,2094,522,,,18,7,497,,
201206,푸본현대생명보험주식회사,827,3,824,455,,,10,8,437,,
201206,하나생명보험주식회사,322,0,322,244,,,3,8,233,,
201206,한화생명보험주식회사,23715,2047,21668,4337,,,46,8,4283,,
201206,흥국생명보험주식회사,4943,1069,3874,515,,,12,7,496,,
201209,DB생명보험주식회사,3279,1949,1330,544,,,9,5,530,,
201209,DGB생명보험주식회사,1583,38,1545,347,,,5,9,333,,
201209,KB생명보험주식회사,1355,0,1355,298,,,6,8,284,,
201209,PCA생명보험주식회사,1540,0,1540,381,,,20,6,355,,
201209,교보생명보험주식회사,22676,2664,20012,4684,,,43,7,4634,,
201209,농협생명보험주식회사,1646,0,1646,784,,,2,7,775,,
201209,동양생명보험주식회사,3964,148,3816,783,,,12,9,762,,
201209,라이나생명보험주식회사,2098,0,2098,652,,,25,6,621,,
201209,메트라이프생명보험(주),6202,0,6202,636,,,17,5,614,,
201209,미래에셋생명보험주식회사,6031,149,5882,1423,,,48,9,1366,,
201209,비엔피파리바카디프생명보험주식회사,0,0,0,152,,,6,8,138,,
201209,삼성생명보험주식회사,42518,2582,39936,6653,,,79,9,6565,,
201209,신한생명보험주식회사,10679,103,10576,1415,,,21,7,1387,,
201209,아이비케이연금보험 주식회사,0,0,0,111,,,4,3,104,,
201209,에이비엘생명보험주식회사,6806,90,6716,1679,,,22,7,1650,,
201209,에이아이에이생명보험 주식회사,1926,13,1913,661,,,31,1,629,,
201209,오렌지라이프생명보험 주식회사,7025,0,7025,1064,,,35,6,1023,,
201209,처브라이프생명보험주식회사,1146,0,1146,255,,,6,5,244,,
201209,케이디비생명보험주식회사,4975,98,4877,860,,,12,9,839,,
201209,푸르덴셜생명보험주식회사,2108,0,2108,523,,,19,7,497,,
201209,푸본현대생명보험주식회사,680,3,677,489,,,9,8,472,,
201209,하나생명보험주식회사,286,0,286,234,,,2,8,224,,
201209,한화생명보험주식회사,23627,1819,21808,4412,,,48,8,4356,,
201209,흥국생명보험주식회사,5588,1078,4510,546,,,12,7,527,,
201212,DB생명보험주식회사,3429,1951,1478,538,,,10,5,523,,
201212,DGB생명보험주식회사,1644,33,1611,356,,,5,8,343,,
201212,KB생명보험주식회사,1456,0,1456,316,,,6,8,302,,
201212,PCA생명보험주식회사,1502,0,1502,386,,,21,6,359,,
201212,교보생명보험주식회사,22684,2618,20066,4655,,,43,8,4604,,
201212,농협생명보험주식회사,1776,0,1776,793,,,2,7,784,,
201212,동양생명보험주식회사,3869,124,3745,855,,,11,9,835,,
201212,라이나생명보험주식회사,2325,0,2325,647,,,27,6,614,,
201212,메트라이프생명보험(주),6399,0,6399,632,,,17,5,610,,
201212,미래에셋생명보험주식회사,5575,113,5462,1421,,,48,9,1364,,
201212,비엔피파리바카디프생명보험주식회사,3,0,3,155,,,6,8,141,,
201212,삼성생명보험주식회사,39807,2299,37508,6655,,,82,9,6564,,
201212,신한생명보험주식회사,10844,86,10758,1420,,,21,7,1392,,
201212,아이비케이연금보험 주식회사,0,0,0,109,,,4,3,102,,
201212,에이비엘생명보험주식회사,6598,71,6527,1668,,,21,7,1640,,
201212,에이아이에이생명보험 주식회사,2192,10,2182,670,,,21,1,648,,
201212,오렌지라이프생명보험 주식회사,6949,0,6949,1058,,,33,6,1019,,
201212,처브라이프생명보험주식회사,1417,0,1417,258,,,8,4,246,,
201212,케이디비생명보험주식회사,5039,89,4950,863,,,12,9,842,,
201212,푸르덴셜생명보험주식회사,2172,0,2172,489,,,19,7,463,,
201212,푸본현대생명보험주식회사,921,2,919,526,,,9,8,509,,
201212,하나생명보험주식회사,282,0,282,228,,,2,8,218,,
201212,한화생명보험주식회사,23824,1761,22063,4473,,,49,8,4416,,
201212,흥국생명보험주식회사,5445,1062,4383,546,,,11,7,528,,
201303,DB생명보험주식회사,3528,1961,1567,534,,,10,5,519,,
201303,DGB생명보험주식회사,1546,41,1505,352,,,5,8,339,,
201303,KB생명보험주식회사,1442,0,1442,314,,,6,8,300,,
201303,PCA생명보험주식회사,1624,0,1624,407,,,21,6,380,,
201303,교보생명보험주식회사,22717,2524,20193,4704,,,43,8,4653,,
201303,농협생명보험주식회사,1680,0,1680,860,,,2,7,851,,
201303,동양생명보험주식회사,4125,115,4010,890,,,12,9,869,,
201303,라이나생명보험주식회사,2465,0,2465,676,,,25,6,645,,
201303,메트라이프생명보험(주),6296,0,6296,646,,,15,5,626,,
201303,미래에셋생명보험주식회사,5472,99,5373,1398,,,47,9,1342,,
201303,비엔피파리바카디프생명보험주식회사,2,0,2,159,,,7,8,144,,
201303,삼성생명보험주식회사,38497,2084,36413,6903,,,79,9,6815,,
201303,신한생명보험주식회사,10823,82,10741,1450,,,22,7,1421,,
201303,아이비케이연금보험 주식회사,0,0,0,114,,,4,3,107,,
201303,에이비엘생명보험주식회사,5482,63,5419,1657,,,20,6,1631,,
201303,에이아이에이생명보험 주식회사,2325,12,2313,673,,,21,1,651,,
201303,오렌지라이프생명보험 주식회사,6784,0,6784,1041,,,33,6,1002,,
201303,처브라이프생명보험주식회사,1457,0,1457,258,,,7,4,247,,
201303,케이디비생명보험주식회사,5001,87,4914,884,,,13,9,862,,
201303,푸르덴셜생명보험주식회사,2215,0,2215,492,,,19,7,466,,
201303,푸본현대생명보험주식회사,1104,0,1104,603,,,13,8,582,,
201303,하나생명보험주식회사,265,0,265,222,,,2,8,212,,
201303,한화생명보험주식회사,24446,1626,22820,4610,,,48,8,4554,,
201303,흥국생명보험주식회사,5534,1023,4511,589,,,10,7,572,,
201306,DB생명보험주식회사,3505,1954,1551,518,,,9,5,504,,
201306,DGB생명보험주식회사,1528,35,1493,345,,,5,8,332,,
201306,KB생명보험주식회사,1466,0,1466,309,,,6,4,299,,
201306,PCA생명보험주식회사,1461,0,1461,415,,,21,6,388,,
201306,교보생명보험주식회사,22572,2419,20153,4762,,,42,9,4711,,
201306,농협생명보험주식회사,1820,0,1820,870,,,2,7,861,,
201306,동양생명보험주식회사,4115,114,4001,932,,,14,9,909,,
201306,라이나생명보험주식회사,2440,0,2440,700,,,28,6,666,,
201306,메트라이프생명보험(주),6025,0,6025,645,,,15,5,625,,
201306,미래에셋생명보험주식회사,5031,82,4949,1387,,,47,7,1333,,
201306,비엔피파리바카디프생명보험주식회사,3,0,3,168,,,7,8,153,,
201306,삼성생명보험주식회사,36601,2045,34556,6889,,,79,10,6800,,
201306,신한생명보험주식회사,10700,71,10629,1462,,,23,8,1431,,
201306,아이비케이연금보험 주식회사,0,0,0,116,,,4,3,109,,
201306,에이비엘생명보험주식회사,4976,50,4926,1639,,,20,6,1613,,
201306,에이아이에이생명보험 주식회사,2394,13,2381,679,,,11,1,667,,
201306,오렌지라이프생명보험 주식회사,6641,0,6641,1042,,,32,7,1003,,
201306,처브라이프생명보험주식회사,1596,0,1596,258,,,5,5,248,,
201306,케이디비생명보험주식회사,4944,85,4859,887,,,13,8,866,,
201306,푸르덴셜생명보험주식회사,2260,0,2260,493,,,19,7,467,,
201306,푸본현대생명보험주식회사,1374,1,1373,635,,,14,8,613,,
201306,하나생명보험주식회사,0,0,0,216,,,1,5,210,,
201306,한화생명보험주식회사,24985,1560,23425,4611,,,59,8,4544,,
201306,흥국생명보험주식회사,5368,985,4383,600,,,10,7,583,,
201309,DB생명보험주식회사,3448,1970,1478,526,,,9,5,512,,
201309,DGB생명보험주식회사,1491,45,1446,346,,,6,9,331,,
201309,KB생명보험주식회사,1412,0,1412,301,,,7,5,289,,
201309,PCA생명보험주식회사,1288,0,1288,403,,,21,6,376,,
201309,교보생명보험주식회사,21771,1272,20499,4775,,,41,7,4727,,
201309,농협생명보험주식회사,1987,0,1987,876,,,2,7,867,,
201309,동양생명보험주식회사,4107,122,3985,940,,,14,9,917,,
201309,라이나생명보험주식회사,2335,0,2335,731,,,26,6,699,,
201309,메트라이프생명보험(주),5793,0,5793,651,,,14,7,630,,
201309,미래에셋생명보험주식회사,5138,85,5053,1370,,,48,7,1315,,
201309,비엔피파리바카디프생명보험주식회사,0,0,0,162,,,7,8,147,,
201309,삼성생명보험주식회사,35099,2038,33061,6951,,,77,10,6864,,
201309,신한생명보험주식회사,10400,69,10331,1452,,,23,8,1421,,
201309,아이비케이연금보험 주식회사,0,0,0,112,,,2,3,107,,
201309,에이비엘생명보험주식회사,4709,48,4661,1631,,,18,6,1607,,
201309,에이아이에이생명보험 주식회사,2467,12,2455,688,,,11,1,676,,
201309,오렌지라이프생명보험 주식회사,6546,0,6546,1024,,,31,7,986,,
201309,처브라이프생명보험주식회사,1778,0,1778,260,,,5,6,249,,
201309,케이디비생명보험주식회사,4858,83,4775,887,,,13,8,866,,
201309,푸르덴셜생명보험주식회사,2247,0,2247,498,,,19,6,473,,
201309,푸본현대생명보험주식회사,1679,0,1679,651,,,14,8,629,,
201309,하나생명보험주식회사,154,0,154,210,,,1,5,204,,
201309,한화생명보험주식회사,24405,1431,22974,4699,,,60,8,4631,,
201309,흥국생명보험주식회사,5371,965,4406,600,,,10,7,583,,
201312,DB생명보험주식회사,3346,2042,1304,516,,,9,5,502,,
201312,DGB생명보험주식회사,1390,38,1352,347,,,6,9,332,,
201312,KB생명보험주식회사,1166,0,1166,300,,,7,5,288,,
201312,PCA생명보험주식회사,1063,0,1063,397,,,21,6,370,,
201312,교보라이프플래닛생명보험주식회사,0,0,0,47,,,1,4,42,,
201312,교보생명보험주식회사,21276,674,20602,4753,,,42,7,4704,,
201312,농협생명보험주식회사,2292,0,2292,902,,,2,7,893,,
201312,동양생명보험주식회사,3823,113,3710,932,,,14,9,909,,
201312,라이나생명보험주식회사,2376,0,2376,726,,,27,6,693,,
201312,메트라이프생명보험(주),5588,0,5588,656,,,14,7,635,,
201312,미래에셋생명보험주식회사,5026,74,4952,1366,,,51,7,1308,,
201312,비엔피파리바카디프생명보험주식회사,0,0,0,161,,,7,8,146,,
201312,삼성생명보험주식회사,32666,1950,30716,6634,,,74,10,6550,,
201312,신한생명보험주식회사,10281,60,10221,1437,,,23,8,1406,,
201312,아이비케이연금보험 주식회사,0,0,0,120,,,3,5,112,,
201312,에이비엘생명보험주식회사,4454,33,4421,1578,,,17,6,1555,,
201312,에이아이에이생명보험 주식회사,2535,8,2527,690,,,12,1,677,,
201312,오렌지라이프생명보험 주식회사,6283,0,6283,1024,,,33,7,984,,
201312,처브라이프생명보험주식회사,1753,0,1753,259,,,7,7,245,,
201312,케이디비생명보험주식회사,4752,82,4670,870,,,13,8,849,,
201312,푸르덴셜생명보험주식회사,2247,0,2247,502,,,18,6,478,,
201312,푸본현대생명보험주식회사,1869,0,1869,660,,,13,8,639,,
201312,하나생명보험주식회사,110,0,110,151,,,0,5,146,,
201312,한화생명보험주식회사,23855,1329,22526,4744,,,60,8,4676,,
201312,흥국생명보험주식회사,5077,943,4134,608,,,9,7,592,,
201403,DB생명보험주식회사,3371,2058,1313,509,,,9,5,495,,
201403,DGB생명보험주식회사,1304,31,1273,348,,,5,8,335,,
201403,KB생명보험주식회사,503,0,503,314,,,8,5,301,,
201403,PCA생명보험주식회사,915,0,915,405,,,21,5,379,,
201403,교보라이프플래닛생명보험주식회사,0,0,0,52,,,1,4,47,,
201403,교보생명보험주식회사,20752,608,20144,4781,,,41,7,4733,,
201403,농협생명보험주식회사,2402,0,2402,976,,,2,7,967,,
201403,동양생명보험주식회사,3713,110,3603,949,,,13,9,927,,
201403,라이나생명보험주식회사,2420,0,2420,719,,,33,7,679,,
201403,메트라이프생명보험(주),5351,0,5351,661,,,16,7,638,,
201403,미래에셋생명보험주식회사,4767,71,4696,1350,,,48,7,1295,,
201403,비엔피파리바카디프생명보험주식회사,0,0,0,162,,,8,8,146,,
201403,삼성생명보험주식회사,31872,2077,29795,6757,,,74,9,6674,,
201403,신한생명보험주식회사,10218,54,10164,1436,,,23,7,1406,,
201403,아이비케이연금보험 주식회사,0,0,0,120,,,3,5,112,,
201403,에이비엘생명보험주식회사,4453,29,4424,1360,,,16,6,1338,,
201403,에이아이에이생명보험 주식회사,2582,6,2576,705,,,12,1,692,,
201403,오렌지라이프생명보험 주식회사,5948,0,5948,1018,,,32,7,979,,
201403,처브라이프생명보험주식회사,1563,0,1563,257,,,7,5,245,,
201403,케이디비생명보험주식회사,4687,79,4608,868,,,13,7,848,,
201403,푸르덴셜생명보험주식회사,2126,0,2126,507,,,20,5,482,,
201403,푸본현대생명보험주식회사,1841,0,1841,669,,,12,8,649,,
201403,하나생명보험주식회사,78,0,78,156,,,1,5,150,,
201403,한화생명보험주식회사,23552,1224,22328,4760,,,59,8,4693,,
201403,흥국생명보험주식회사,4743,915,3828,614,,,13,7,594,,
201406,DB생명보험주식회사,3352,2070,1282,497,,,9,5,483,,
201406,DGB생명보험주식회사,1150,29,1121,341,,,3,5,333,,
201406,KB생명보험주식회사,453,0,453,311,,,8,5,298,,
201406,PCA생명보험주식회사,871,0,871,397,,,21,6,370,,
201406,교보라이프플래닛생명보험주식회사,0,0,0,54,,,1,4,49,,
201406,교보생명보험주식회사,20478,578,19900,4174,,,40,7,4127,,
201406,농협생명보험주식회사,2474,0,2474,966,,,2,7,957,,
201406,동양생명보험주식회사,3564,105,3459,958,,,15,9,934,,
201406,라이나생명보험주식회사,2280,0,2280,714,,,37,7,670,,
201406,메트라이프생명보험(주),5324,0,5324,665,,,18,7,640,,
201406,미래에셋생명보험주식회사,4662,64,4598,1336,,,48,7,1281,,
201406,비엔피파리바카디프생명보험주식회사,0,0,0,168,,,8,8,152,,
201406,삼성생명보험주식회사,30046,2131,27915,5644,,,64,8,5572,,
201406,신한생명보험주식회사,10256,47,10209,1420,,,23,7,1390,,
201406,아이비케이연금보험 주식회사,0,0,0,122,,,3,5,114,,
201406,에이비엘생명보험주식회사,4381,27,4354,1330,,,16,6,1308,,
201406,에이아이에이생명보험 주식회사,2642,6,2636,708,,,11,1,696,,
201406,오렌지라이프생명보험 주식회사,5763,0,5763,1007,,,30,7,970,,
201406,처브라이프생명보험주식회사,1515,0,1515,258,,,8,6,244,,
201406,케이디비생명보험주식회사,4878,72,4806,874,,,13,7,854,,
201406,푸르덴셜생명보험주식회사,2104,0,2104,502,,,17,7,478,,
201406,푸본현대생명보험주식회사,1692,0,1692,664,,,11,8,645,,
201406,하나생명보험주식회사,50,0,50,155,,,1,5,149,,
201406,한화생명보험주식회사,23478,1140,22338,4446,,,59,8,4379,,
201406,흥국생명보험주식회사,4615,893,3722,821,,,14,7,800,,
201409,DB생명보험주식회사,3468,2101,1367,491,,,10,5,476,,
201409,DGB생명보험주식회사,1010,24,986,250,,,3,5,242,,
201409,KB생명보험주식회사,414,0,414,308,,,8,5,295,,
201409,PCA생명보험주식회사,896,0,896,386,,,20,6,360,,
201409,교보라이프플래닛생명보험주식회사,0,0,0,54,,,1,4,49,,
201409,교보생명보험주식회사,20141,550,19591,4138,,,37,7,4094,,
201409,농협생명보험주식회사,2360,0,2360,977,,,2,7,968,,
201409,동양생명보험주식회사,3704,104,3600,975,,,15,9,951,,
201409,라이나생명보험주식회사,1784,0,1784,700,,,38,7,655,,
201409,메트라이프생명보험(주),5195,0,5195,682,,,26,7,649,,
201409,미래에셋생명보험주식회사,4591,60,4531,1343,,,48,7,1288,,
201409,비엔피파리바카디프생명보험주식회사,0,0,0,166,,,8,8,150,,
201409,삼성생명보험주식회사,30244,2610,27634,5627,,,65,8,5554,,
201409,신한생명보험주식회사,10290,98,10192,1356,,,23,7,1326,,
201409,아이비케이연금보험 주식회사,0,0,0,125,,,3,5,117,,
201409,에이비엘생명보험주식회사,4376,27,4349,1319,,,17,6,1296,,
201409,에이아이에이생명보험 주식회사,2675,6,2669,704,,,11,1,692,,
201409,오렌지라이프생명보험 주식회사,5517,0,5517,808,,,25,7,776,,
201409,처브라이프생명보험주식회사,1011,0,1011,264,,,7,6,251,,
201409,케이디비생명보험주식회사,3728,53,3675,877,,,13,7,857,,
201409,푸르덴셜생명보험주식회사,2105,0,2105,498,,,18,7,473,,
201409,푸본현대생명보험주식회사,1784,0,1784,654,,,10,8,636,,
201409,하나생명보험주식회사,41,0,41,156,,,1,5,150,,
201409,한화생명보험주식회사,23235,1079,22156,4430,,,60,9,4361,,
201409,흥국생명보험주식회사,4331,879,3452,845,,,14,7,824,,
201412,DB생명보험주식회사,3307,2115,1192,493,,,10,5,478,,
201412,DGB생명보험주식회사,864,18,846,246,,,3,5,238,,
201412,KB생명보험주식회사,427,0,427,303,,,8,5,290,,
201412,PCA생명보험주식회사,901,0,901,382,,,21,6,355,,
201412,교보라이프플래닛생명보험주식회사,0,0,0,58,,,1,4,53,,
201412,교보생명보험주식회사,19857,321,19536,4269,,,36,7,4226,,
201412,농협생명보험주식회사,2488,0,2488,1002,,,2,7,993,,
201412,동양생명보험주식회사,3773,108,3665,974,,,15,9,950,,
201412,라이나생명보험주식회사,1681,0,1681,693,,,34,7,652,,
201412,메트라이프생명보험(주),5066,0,5066,666,,,26,7,633,,
201412,미래에셋생명보험주식회사,4468,58,4410,1317,,,48,7,1262,,
201412,비엔피파리바카디프생명보험주식회사,0,0,0,172,,,10,8,154,,
201412,삼성생명보험주식회사,29821,2745,27076,5549,,,60,8,5481,,
201412,신한생명보험주식회사,10221,95,10126,1345,,,23,7,1315,,
201412,아이비케이연금보험 주식회사,0,0,0,127,,,3,5,119,,
201412,에이비엘생명보험주식회사,4239,21,4218,1305,,,17,6,1282,,
201412,에이아이에이생명보험 주식회사,2614,3,2611,702,,,11,1,690,,
201412,오렌지라이프생명보험 주식회사,5295,0,5295,804,,,24,7,773,,
201412,처브라이프생명보험주식회사,914,0,914,256,,,6,6,244,,
201412,케이디비생명보험주식회사,3807,48,3759,884,,,13,7,864,,
201412,푸르덴셜생명보험주식회사,2112,0,2112,498,,,18,7,473,,
201412,푸본현대생명보험주식회사,1684,0,1684,639,,,10,8,621,,
201412,하나생명보험주식회사,27,0,27,154,,,1,5,148,,
201412,한화생명보험주식회사,22546,1001,21545,4399,,,59,9,4331,,
201412,흥국생명보험주식회사,4254,868,3386,874,,,14,7,853,,
201503,DB생명보험주식회사,3295,2120,1175,497,,,8,5,484,,
201503,DGB생명보험주식회사,831,19,812,254,,,4,7,243,,
201503,KB생명보험주식회사,379,0,379,314,,,8,5,301,,
201503,PCA생명보험주식회사,918,0,918,380,,,20,6,354,,
201503,교보라이프플래닛생명보험주식회사,0,0,0,60,,,1,4,55,,
201503,교보생명보험주식회사,19242,313,18929,4231,,,38,7,4186,,
201503,농협생명보험주식회사,2138,0,2138,1008,,,3,7,998,,
201503,동양생명보험주식회사,3818,64,3754,984,,,15,9,960,,
201503,라이나생명보험주식회사,1644,0,1644,711,,,36,7,668,,
201503,메트라이프생명보험(주),4866,0,4866,655,,,27,6,622,,
201503,미래에셋생명보험주식회사,4303,53,4250,1336,,,48,7,1281,,
201503,비엔피파리바카디프생명보험주식회사,0,0,0,175,,,10,9,156,,
201503,삼성생명보험주식회사,31601,3919,27682,5569,,,61,8,5500,,
201503,신한생명보험주식회사,10214,92,10122,1348,,,22,7,1319,,
201503,아이비케이연금보험 주식회사,0,0,0,130,,,3,5,122,,
201503,에이비엘생명보험주식회사,3962,21,3941,1297,,,18,6,1273,,
201503,에이아이에이생명보험 주식회사,2501,3,2498,700,,,11,1,688,,
201503,오렌지라이프생명보험 주식회사,4927,0,4927,799,,,24,7,768,,
201503,처브라이프생명보험주식회사,819,0,819,209,,,8,6,195,,
201503,케이디비생명보험주식회사,3694,39,3655,884,,,12,7,865,,
201503,푸르덴셜생명보험주식회사,2085,0,2085,509,,,20,5,484,,
201503,푸본현대생명보험주식회사,1740,0,1740,620,,,11,9,600,,
201503,하나생명보험주식회사,18,0,18,154,,,2,5,147,,
201503,한화생명보험주식회사,22108,900,21208,3846,,,55,9,3782,,
201503,흥국생명보험주식회사,4232,843,3389,851,,,10,6,835,,
201506,DB생명보험주식회사,3372,2140,1232,505,,,8,5,492,,
201506,DGB생명보험주식회사,747,8,739,260,,,4,7,249,,
201506,KB생명보험주식회사,325,0,325,320,,,8,5,307,,
201506,PCA생명보험주식회사,947,0,947,376,,,21,7,348,,
201506,교보라이프플래닛생명보험주식회사,0,0,0,60,,,1,4,55,,
201506,교보생명보험주식회사,18976,299,18677,4180,,,38,6,4136,,
201506,농협생명보험주식회사,2134,0,2134,1003,,,3,6,994,,
201506,동양생명보험주식회사,3633,65,3568,989,,,15,9,965,,
201506,라이나생명보험주식회사,1777,0,1777,771,,,36,7,728,,
201506,메트라이프생명보험(주),4661,0,4661,654,,,28,5,621,,
201506,미래에셋생명보험주식회사,4200,54,4146,1347,,,49,7,1291,,
201506,비엔피파리바카디프생명보험주식회사,0,0,0,179,,,10,9,160,,
201506,삼성생명보험주식회사,32453,4475,27978,5549,,,60,7,5482,,
201506,신한생명보험주식회사,10610,101,10509,1358,,,23,7,1328,,
201506,아이비케이연금보험 주식회사,0,0,0,139,,,4,7,128,,
201506,에이비엘생명보험주식회사,3864,19,3845,1281,,,18,5,1258,,
201506,에이아이에이생명보험 주식회사,2329,3,2326,682,,,10,1,671,,
201506,오렌지라이프생명보험 주식회사,4983,0,4983,791,,,23,7,761,,
201506,처브라이프생명보험주식회사,822,0,822,209,,,8,6,195,,
201506,케이디비생명보험주식회사,3852,27,3825,913,,,12,7,894,,
201506,푸르덴셜생명보험주식회사,2095,0,2095,523,,,22,5,496,,
201506,푸본현대생명보험주식회사,1846,0,1846,612,,,11,9,592,,
201506,하나생명보험주식회사,12,0,12,151,,,2,5,144,,
201506,한화생명보험주식회사,21813,859,20954,3832,,,55,9,3768,,
201506,흥국생명보험주식회사,4345,813,3532,854,,,10,7,837,,
201509,DB생명보험주식회사,3382,2151,1231,517,,,9,5,503,,
201509,DGB생명보험주식회사,714,2,712,262,,,4,7,251,,
201509,KB생명보험주식회사,506,70,436,325,,,8,5,312,,
201509,PCA생명보험주식회사,976,0,976,375,,,21,7,347,,
201509,교보라이프플래닛생명보험주식회사,0,0,0,65,,,1,4,60,,
201509,교보생명보험주식회사,18797,288,18509,4141,,,37,6,4098,,
201509,농협생명보험주식회사,2003,0,2003,1010,,,3,6,1001,,
201509,동양생명보험주식회사,3474,60,3414,993,,,15,9,969,,
201509,라이나생명보험주식회사,1861,0,1861,784,,,32,7,745,,
201509,메트라이프생명보험(주),4389,0,4389,658,,,28,5,625,,
201509,미래에셋생명보험주식회사,4139,55,4084,1339,,,49,7,1283,,
201509,비엔피파리바카디프생명보험주식회사,4,0,4,177,,,9,9,159,,
201509,삼성생명보험주식회사,32471,4863,27608,5569,,,59,7,5503,,
201509,신한생명보험주식회사,10759,116,10643,1356,,,23,7,1326,,
201509,아이비케이연금보험 주식회사,0,0,0,134,,,4,7,123,,
201509,에이비엘생명보험주식회사,3672,18,3654,1265,,,18,6,1241,,
201509,에이아이에이생명보험 주식회사,2237,2,2235,684,,,9,1,674,,
201509,오렌지라이프생명보험 주식회사,4988,0,4988,783,,,22,7,754,,
201509,처브라이프생명보험주식회사,798,0,798,213,,,8,6,199,,
201509,케이디비생명보험주식회사,3716,17,3699,926,,,13,7,906,,
201509,푸르덴셜생명보험주식회사,2068,0,2068,529,,,23,5,501,,
201509,푸본현대생명보험주식회사,2222,0,2222,566,,,10,9,547,,
201509,하나생명보험주식회사,10,0,10,154,,,2,4,148,,
201509,한화생명보험주식회사,21847,793,21054,3829,,,55,8,3766,,
201509,흥국생명보험주식회사,4419,804,3615,878,,,10,6,862,,
201512,DB생명보험주식회사,3363,2149,1214,521,,,9,5,507,,
201512,DGB생명보험주식회사,720,1,719,266,,,4,7,255,,
201512,KB생명보험주식회사,581,87,494,328,,,8,5,315,,
201512,PCA생명보험주식회사,967,0,967,375,,,21,7,347,,
201512,교보라이프플래닛생명보험주식회사,0,0,0,64,,,1,4,59,,
201512,교보생명보험주식회사,18365,280,18085,4170,,,37,6,4127,,
201512,농협생명보험주식회사,1897,0,1897,1059,,,3,7,1049,,
201512,동양생명보험주식회사,3230,57,3173,995,,,16,9,970,,
201512,라이나생명보험주식회사,1736,0,1736,800,,,32,7,761,,
201512,메트라이프생명보험(주),4268,0,4268,643,,,29,5,609,,
201512,미래에셋생명보험주식회사,3700,53,3647,1369,,,54,7,1308,,
201512,비엔피파리바카디프생명보험주식회사,3,0,3,180,,,9,9,162,,
201512,삼성생명보험주식회사,32473,5571,26902,5343,,,62,7,5274,,
201512,신한생명보험주식회사,10799,131,10668,1352,,,23,7,1322,,
201512,아이비케이연금보험 주식회사,0,0,0,139,,,3,7,129,,
201512,에이비엘생명보험주식회사,3418,14,3404,1183,,,18,6,1159,,
201512,에이아이에이생명보험 주식회사,2007,2,2005,680,,,10,1,669,,
201512,오렌지라이프생명보험 주식회사,4990,0,4990,776,,,24,7,745,,
201512,처브라이프생명보험주식회사,698,0,698,207,,,8,6,193,,
201512,케이디비생명보험주식회사,3755,19,3736,928,,,13,7,908,,
201512,푸르덴셜생명보험주식회사,2082,0,2082,536,,,23,7,506,,
201512,푸본현대생명보험주식회사,2610,0,2610,559,,,9,11,539,,
201512,하나생명보험주식회사,11,0,11,153,,,2,4,147,,
201512,한화생명보험주식회사,21151,754,20397,3809,,,54,8,3747,,
201512,흥국생명보험주식회사,4393,788,3605,874,,,9,7,858,,
201603,DB생명보험주식회사,3402,2142,1260,530,,,13,5,512,,
201603,DGB생명보험주식회사,775,1,774,281,,,4,7,270,,
201603,KB생명보험주식회사,654,117,537,355,,,8,5,342,,
201603,PCA생명보험주식회사,931,0,931,363,,,21,7,335,,
201603,교보라이프플래닛생명보험주식회사,0,0,0,74,,,1,4,69,,
201603,교보생명보험주식회사,18283,272,18011,4172,,,37,6,4129,,
201603,농협생명보험주식회사,2076,0,2076,1045,,,2,7,1036,,
201603,동양생명보험주식회사,3245,54,3191,998,,,16,9,973,,
201603,라이나생명보험주식회사,1296,0,1296,828,,,30,9,789,,
201603,메트라이프생명보험(주),4115,0,4115,646,,,31,5,610,,
201603,미래에셋생명보험주식회사,3705,52,3653,1299,,,44,6,1249,,
201603,비엔피파리바카디프생명보험주식회사,3,0,3,178,,,9,9,160,,
201603,삼성생명보험주식회사,33365,6080,27285,5377,,,62,7,5308,,
201603,신한생명보험주식회사,10572,129,10443,1361,,,21,7,1333,,
201603,아이비케이연금보험 주식회사,0,0,0,143,,,4,6,133,,
201603,에이비엘생명보험주식회사,3348,11,3337,1170,,,16,5,1149,,
201603,에이아이에이생명보험 주식회사,1874,2,1872,673,,,8,1,664,,
201603,오렌지라이프생명보험 주식회사,5104,0,5104,773,,,22,7,744,,
201603,처브라이프생명보험주식회사,672,0,672,207,,,7,6,194,,
201603,케이디비생명보험주식회사,3844,15,3829,928,,,13,6,909,,
201603,푸르덴셜생명보험주식회사,2055,0,2055,535,,,25,9,501,,
201603,푸본현대생명보험주식회사,2431,0,2431,562,,,14,11,537,,
201603,하나생명보험주식회사,11,0,11,155,,,3,4,148,,
201603,한화생명보험주식회사,21236,649,20587,3823,,,59,8,3756,,
201603,흥국생명보험주식회사,4209,784,3425,864,,,13,7,844,,
201606,DB생명보험주식회사,3432,2147,1285,549,,,13,5,531,,
201606,DGB생명보험주식회사,825,2,823,291,,,4,7,280,,
201606,KB생명보험주식회사,638,140,498,354,,,8,5,341,,
201606,PCA생명보험주식회사,914,0,914,353,,,21,7,325,,
201606,교보라이프플래닛생명보험주식회사,0,0,0,78,,,1,4,73,,
201606,교보생명보험주식회사,18170,264,17906,4173,,,37,6,4130,,
201606,농협생명보험주식회사,1983,0,1983,1054,,,3,7,1044,,
201606,동양생명보험주식회사,3272,56,3216,1017,,,16,9,992,,
201606,라이나생명보험주식회사,1272,0,1272,866,,,33,6,827,,
201606,메트라이프생명보험(주),3918,0,3918,644,,,28,4,612,,
201606,미래에셋생명보험주식회사,3795,47,3748,1299,,,43,7,1249,,
201606,비엔피파리바카디프생명보험주식회사,0,0,0,177,,,9,9,159,,
201606,삼성생명보험주식회사,32249,6533,25716,5341,,,62,7,5272,,
201606,신한생명보험주식회사,10080,121,9959,1346,,,21,7,1318,,
201606,아이비케이연금보험 주식회사,0,0,0,143,,,4,7,132,,
201606,에이비엘생명보험주식회사,3496,11,3485,949,,,12,6,931,,
201606,에이아이에이생명보험 주식회사,1696,1,1695,663,,,10,1,652,,
201606,오렌지라이프생명보험 주식회사,5164,0,5164,776,,,22,7,747,,
201606,처브라이프생명보험주식회사,652,0,652,205,,,7,6,192,,
201606,케이디비생명보험주식회사,3955,17,3938,936,,,13,7,916,,
201606,푸르덴셜생명보험주식회사,2034,0,2034,536,,,22,7,507,,
201606,푸본현대생명보험주식회사,2716,0,2716,553,,,13,11,529,,
201606,하나생명보험주식회사,16,0,16,160,,,3,4,153,,
201606,한화생명보험주식회사,21271,641,20630,3815,,,60,8,3747,,
201606,흥국생명보험주식회사,3465,35,3430,866,,,15,7,844,,
201609,DB생명보험주식회사,3477,2144,1333,558,,,13,5,540,,
201609,DGB생명보험주식회사,865,2,863,282,,,4,7,271,,
201609,KB생명보험주식회사,689,164,525,358,,,8,5,345,,
201609,PCA생명보험주식회사,995,0,995,349,,,21,7,321,,
201609,교보라이프플래닛생명보험주식회사,0,0,0,80,,,1,4,75,,
201609,교보생명보험주식회사,18125,256,17869,4166,,,37,6,4123,,
201609,농협생명보험주식회사,2055,0,2055,1055,,,3,7,1045,,
201609,동양생명보험주식회사,3318,69,3249,1012,,,15,9,988,,
201609,라이나생명보험주식회사,1249,0,1249,886,,,33,7,846,,
201609,메트라이프생명보험(주),3693,0,3693,647,,,26,5,616,,
201609,미래에셋생명보험주식회사,3893,46,3847,1283,,,42,7,1234,,
201609,비엔피파리바카디프생명보험주식회사,0,0,0,174,,,9,9,156,,
201609,삼성생명보험주식회사,33366,7910,25456,5361,,,62,7,5292,,
201609,신한생명보험주식회사,9289,111,9178,1339,,,21,7,1311,,
201609,아이비케이연금보험 주식회사,0,0,0,144,,,4,7,133,,
201609,에이비엘생명보험주식회사,3483,8,3475,944,,,12,6,926,,
201609,에이아이에이생명보험 주식회사,1593,1,1592,667,,,10,1,656,,
201609,오렌지라이프생명보험 주식회사,5239,0,5239,771,,,22,7,742,,
201609,처브라이프생명보험주식회사,767,32,735,204,,,7,6,191,,
201609,케이디비생명보험주식회사,3950,22,3928,940,,,13,7,920,,
201609,푸르덴셜생명보험주식회사,2021,0,2021,529,,,21,7,501,,
201609,푸본현대생명보험주식회사,2563,0,2563,556,,,13,11,532,,
201609,하나생명보험주식회사,15,0,15,161,,,3,4,154,,
201609,한화생명보험주식회사,21254,610,20644,3854,,,60,8,3786,,
201609,흥국생명보험주식회사,3506,26,3480,835,,,12,7,816,,
201612,DB생명보험주식회사,3621,2122,1499,556,,,13,5,538,,
201612,DGB생명보험주식회사,847,1,846,284,,,6,7,271,,
201612,KB생명보험주식회사,669,196,473,358,,,8,5,345,,
201612,PCA생명보험주식회사,1061,0,1061,338,,,21,7,310,,
201612,교보라이프플래닛생명보험주식회사,0,0,0,84,,,1,4,79,,
201612,교보생명보험주식회사,18120,250,17870,4275,,,37,6,4232,,
201612,농협생명보험주식회사,2121,0,2121,1049,,,4,7,1038,,
201612,동양생명보험주식회사,3493,119,3374,1013,,,15,9,989,,
201612,라이나생명보험주식회사,1204,0,1204,880,,,31,6,843,,
201612,메트라이프생명보험(주),3627,0,3627,595,,,25,5,565,,
201612,미래에셋생명보험주식회사,4075,44,4031,1055,,,38,7,1010,,
201612,비엔피파리바카디프생명보험주식회사,0,0,0,170,,,9,9,152,,
201612,삼성생명보험주식회사,34149,9258,24891,5315,,,60,7,5248,,
201612,신한생명보험주식회사,8876,105,8771,1344,,,21,7,1316,,
201612,아이비케이연금보험 주식회사,0,0,0,152,,,4,7,141,,
201612,에이비엘생명보험주식회사,3356,1,3355,937,,,12,6,919,,
201612,에이아이에이생명보험 주식회사,1571,1,1570,662,,,10,1,651,,
201612,오렌지라이프생명보험 주식회사,5299,0,5299,770,,,22,7,741,,
201612,처브라이프생명보험주식회사,973,52,921,204,,,7,6,191,,
201612,케이디비생명보험주식회사,3798,25,3773,936,,,13,7,916,,
201612,푸르덴셜생명보험주식회사,1968,0,1968,533,,,26,7,500,,
201612,푸본현대생명보험주식회사,2291,0,2291,569,,,11,11,547,,
201612,하나생명보험주식회사,37,0,37,160,,,3,4,153,,
201612,한화생명보험주식회사,20343,561,19782,3825,,,56,8,3761,,
201612,흥국생명보험주식회사,3078,29,3049,826,,,15,7,804,,
201703,DB생명보험주식회사,3776,2135,1641,576,,,13,5,558,,
201703,DGB생명보험주식회사,770,1,769,291,,,6,7,278,,
201703,KB생명보험주식회사,744,254,490,371,,,9,5,357,,
201703,PCA생명보험주식회사,1113,0,1113,336,,,21,7,308,,
201703,교보라이프플래닛생명보험주식회사,0,0,0,85,,,2,4,79,,
201703,교보생명보험주식회사,17678,243,17435,3784,,,39,6,3739,,
201703,농협생명보험주식회사,2179,0,2179,1057,,,6,6,1045,,
201703,동양생명보험주식회사,3495,116,3379,1014,,,15,9,990,,
201703,라이나생명보험주식회사,1135,0,1135,897,,,32,7,858,,
201703,메트라이프생명보험(주),3599,0,3599,595,,,25,5,565,,
201703,미래에셋생명보험주식회사,4105,43,4062,1057,,,38,5,1014,,
201703,비엔피파리바카디프생명보험주식회사,0,0,0,170,,,8,9,153,,
201703,삼성생명보험주식회사,35265,10221,25044,5333,,,62,7,5264,,
201703,신한생명보험주식회사,8898,96,8802,1288,,,10,7,1271,,
201703,아이비케이연금보험 주식회사,0,0,0,152,,,4,7,141,,
201703,에이비엘생명보험주식회사,3300,1,3299,939,,,13,9,917,,
201703,에이아이에이생명보험 주식회사,1599,0,1599,556,,,32,1,523,,
201703,오렌지라이프생명보험 주식회사,5334,0,5334,767,,,23,7,737,,
201703,처브라이프생명보험주식회사,1010,61,949,196,,,7,6,183,,
201703,케이디비생명보험주식회사,3641,27,3614,915,,,7,7,901,,
201703,푸르덴셜생명보험주식회사,1950,0,1950,538,,,27,6,505,,
201703,푸본현대생명보험주식회사,2131,0,2131,573,,,9,11,553,,
201703,하나생명보험주식회사,38,0,38,160,,,2,4,154,,
201703,한화생명보험주식회사,20321,551,19770,3844,,,57,6,3781,,
201703,흥국생명보험주식회사,2817,25,2792,810,,,20,5,785,,
201706,DB생명보험주식회사,3860,2143,1717,564,,,14,5,545,,
201706,DGB생명보험주식회사,772,1,771,288,,,6,6,276,,
201706,KB생명보험주식회사,844,287,557,367,,,9,5,353,,
201706,PCA생명보험주식회사,1125,4,1121,318,,,14,4,300,,
201706,교보라이프플래닛생명보험주식회사,0,0,0,83,,,2,4,77,,
201706,교보생명보험주식회사,17714,240,17474,3757,,,39,6,3712,,
201706,농협생명보험주식회사,2246,0,2246,1070,,,6,7,1057,,
201706,동양생명보험주식회사,3531,124,3407,1025,,,13,9,1003,,
201706,라이나생명보험주식회사,1073,0,1073,867,,,32,4,831,,
201706,메트라이프생명보험(주),3708,0,3708,585,,,25,5,555,,
201706,미래에셋생명보험주식회사,4144,40,4104,1052,,,39,4,1009,,
201706,비엔피파리바카디프생명보험주식회사,0,0,0,169,,,8,9,152,,
201706,삼성생명보험주식회사,36709,11137,25572,5293,,,63,6,5224,,
201706,신한생명보험주식회사,9070,88,8982,1298,,,10,7,1281,,
201706,아이비케이연금보험 주식회사,0,0,0,149,,,4,5,140,,
201706,에이비엘생명보험주식회사,3268,1,3267,937,,,13,9,915,,
201706,에이아이에이생명보험 주식회사,1677,0,1677,556,,,34,1,521,,
201706,오렌지라이프생명보험 주식회사,5284,0,5284,760,,,23,7,730,,
201706,처브라이프생명보험주식회사,969,64,905,200,,,7,6,187,,
201706,케이디비생명보험주식회사,3443,29,3414,908,,,7,7,894,,
201706,푸르덴셜생명보험주식회사,1932,0,1932,531,,,26,5,500,,
201706,푸본현대생명보험주식회사,2244,0,2244,568,,,8,11,549,,
201706,하나생명보험주식회사,48,0,48,160,,,2,4,154,,
201706,한화생명보험주식회사,20098,516,19582,3812,,,56,6,3750,,
201706,흥국생명보험주식회사,2335,27,2308,676,,,16,7,653,,
201709,DB생명보험주식회사,3967,2163,1804,583,,,14,5,564,,
201709,DGB생명보험주식회사,771,0,771,287,,,6,6,275,,
201709,KB생명보험주식회사,865,277,588,361,,,9,5,347,,
201709,PCA생명보험주식회사,1132,8,1124,308,,,14,4,290,,
201709,교보라이프플래닛생명보험주식회사,0,0,0,93,,,2,4,87,,
201709,교보생명보험주식회사,17571,238,17333,3770,,,39,6,3725,,
201709,농협생명보험주식회사,2432,0,2432,1075,,,6,7,1062,,
201709,동양생명보험주식회사,3492,141,3351,1019,,,13,9,997,,
201709,라이나생명보험주식회사,1023,0,1023,856,,,30,4,822,,
201709,메트라이프생명보험(주),3769,0,3769,594,,,25,5,564,,
201709,미래에셋생명보험주식회사,3963,36,3927,1043,,,36,5,1002,,
201709,비엔피파리바카디프생명보험주식회사,0,0,0,174,,,7,9,158,,
201709,삼성생명보험주식회사,37190,11677,25513,5323,,,63,6,5254,,
201709,신한생명보험주식회사,8773,86,8687,1298,,,12,7,1279,,
201709,아이비케이연금보험 주식회사,0,0,0,151,,,4,5,142,,
201709,에이비엘생명보험주식회사,3205,1,3204,943,,,14,9,920,,
201709,에이아이에이생명보험 주식회사,1775,0,1775,576,,,34,1,541,,
201709,오렌지라이프생명보험 주식회사,5299,0,5299,762,,,24,7,731,,
201709,처브라이프생명보험주식회사,870,62,808,193,,,5,6,182,,
201709,케이디비생명보험주식회사,2705,27,2678,714,,,3,7,704,,
201709,푸르덴셜생명보험주식회사,1929,0,1929,535,,,25,5,505,,
201709,푸본현대생명보험주식회사,1469,0,1469,395,,,7,11,377,,
201709,하나생명보험주식회사,27,0,27,159,,,2,4,153,,
201709,한화생명보험주식회사,20151,495,19656,3843,,,56,6,3781,,
201709,흥국생명보험주식회사,2046,19,2027,636,,,19,7,610,,
201712,DB생명보험주식회사,3956,2130,1826,574,,,14,5,555,,
201712,DGB생명보험주식회사,812,1,811,289,,,4,6,279,,
201712,KB생명보험주식회사,819,275,544,362,,,8,5,349,,
201712,PCA생명보험주식회사,999,8,991,297,,,14,4,279,,
201712,교보라이프플래닛생명보험주식회사,0,0,0,97,,,2,4,91,,
201712,교보생명보험주식회사,17583,235,17348,3758,,,39,6,3713,,
201712,농협생명보험주식회사,2520,0,2520,1085,,,6,7,1072,,
201712,동양생명보험주식회사,3409,143,3266,1002,,,14,9,979,,
201712,라이나생명보험주식회사,943,0,943,842,,,29,4,809,,
201712,메트라이프생명보험(주),3725,0,3725,593,,,24,5,564,,
201712,미래에셋생명보험주식회사,3663,25,3638,1024,,,36,5,983,,
201712,비엔피파리바카디프생명보험주식회사,0,0,0,175,,,7,9,159,,
201712,삼성생명보험주식회사,37392,11873,25519,5268,,,62,6,5200,,
201712,신한생명보험주식회사,8616,80,8536,1295,,,12,7,1276,,
201712,아이비케이연금보험 주식회사,0,0,0,152,,,4,5,143,,
201712,에이비엘생명보험주식회사,3075,1,3074,941,,,14,9,918,,
201712,에이아이에이생명보험 주식회사,1718,0,1718,578,,,33,1,544,,
201712,오렌지라이프생명보험 주식회사,5400,0,5400,761,,,24,7,730,,
201712,처브라이프생명보험주식회사,804,81,723,187,,,5,6,176,,
201712,케이디비생명보험주식회사,2491,28,2463,647,,,3,7,637,,
201712,푸르덴셜생명보험주식회사,1893,0,1893,528,,,25,5,498,,
201712,푸본현대생명보험주식회사,1006,0,1006,329,,,7,11,311,,
201712,하나생명보험주식회사,23,0,23,163,,,2,4,157,,
201712,한화생명보험주식회사,19574,489,19085,3835,,,51,6,3778,,
201712,흥국생명보험주식회사,2000,15,1985,626,,,19,7,600,,
201803,DB생명보험주식회사,3863,2120,1743,581,,,12,5,564,,
201803,DGB생명보험주식회사,815,1,814,291,,,4,6,281,,
201803,KB생명보험주식회사,753,279,474,372,,,10,5,357,,
201803,교보라이프플래닛생명보험주식회사,0,0,0,91,,,2,4,85,,
201803,교보생명보험주식회사,17278,233,17045,3874,,,32,7,3835,,
201803,농협생명보험주식회사,2358,0,2358,1112,,,8,7,1097,,
201803,동양생명보험주식회사,3361,146,3215,1005,,,14,9,982,,
201803,라이나생명보험주식회사,906,0,906,827,,,30,4,793,,
201803,메트라이프생명보험(주),3725,0,3725,593,,,24,5,564,,
201803,미래에셋생명보험주식회사,4436,21,4415,1265,,,35,5,1225,,
201803,비엔피파리바카디프생명보험주식회사,0,0,0,179,,,7,9,163,,
201803,삼성생명보험주식회사,37986,12346,25640,5325,,,61,7,5257,,
201803,신한생명보험주식회사,8257,76,8181,1293,,,10,7,1276,,
201803,아이비케이연금보험 주식회사,0,0,0,154,,,3,7,144,,
201803,에이비엘생명보험주식회사,3067,0,3067,942,,,13,8,921,,
201803,에이아이에이생명보험 주식회사,1728,0,1728,585,,,34,1,550,,
201803,오렌지라이프생명보험 주식회사,5475,0,5475,761,,,24,7,730,,
201803,처브라이프생명보험주식회사,756,92,664,187,,,4,6,177,,
201803,케이디비생명보험주식회사,2265,29,2236,623,,,2,7,614,,
201803,푸르덴셜생명보험주식회사,1837,0,1837,532,,,26,5,501,,
201803,푸본현대생명보험주식회사,955,0,955,306,,,7,11,288,,
201803,하나생명보험주식회사,27,0,27,164,,,2,4,158,,
201803,한화생명보험주식회사,18816,428,18388,3887,,,49,7,3831,,
201803,흥국생명보험주식회사,1867,16,1851,642,,,17,7,618,,
201806,DB생명보험주식회사,3695,2118,1577,575,,,12,5,558,,
201806,DGB생명보험주식회사,772,1,771,287,,,4,6,277,,
201806,KB생명보험주식회사,682,247,435,367,,,10,5,352,,
201806,교보라이프플래닛생명보험주식회사,0,0,0,92,,,2,4,86,,
201806,교보생명보험주식회사,17106,227,16879,3840,,,32,7,3801,,
201806,농협생명보험주식회사,2423,0,2423,1103,,,8,7,1088,,
201806,동양생명보험주식회사,3407,147,3260,1017,,,14,9,994,,
201806,라이나생명보험주식회사,881,0,881,823,,,31,4,788,,
201806,메트라이프생명보험(주),3602,0,3602,597,,,24,5,568,,
201806,미래에셋생명보험주식회사,4095,25,4070,1220,,,35,5,1180,,
201806,비엔피파리바카디프생명보험주식회사,0,0,0,182,,,7,9,166,,
201806,삼성생명보험주식회사,37798,12596,25202,5287,,,62,7,5218,,
201806,신한생명보험주식회사,8081,74,8007,1290,,,10,7,1273,,
201806,아이비케이연금보험 주식회사,0,0,0,157,,,4,7,146,,
201806,에이비엘생명보험주식회사,3071,0,3071,936,,,14,7,915,,
201806,에이아이에이생명보험 주식회사,1647,0,1647,580,,,32,1,547,,
201806,오렌지라이프생명보험 주식회사,5494,0,5494,787,,,24,6,757,,
201806,처브라이프생명보험주식회사,653,110,543,186,,,5,6,175,,
201806,케이디비생명보험주식회사,2207,29,2178,625,,,2,7,616,,
201806,푸르덴셜생명보험주식회사,1853,0,1853,531,,,26,5,500,,
201806,푸본현대생명보험주식회사,747,0,747,302,,,7,11,284,,
201806,하나생명보험주식회사,29,0,29,164,,,2,4,158,,
201806,한화생명보험주식회사,18623,390,18233,3901,,,49,7,3845,,
201806,흥국생명보험주식회사,1832,8,1824,634,,,17,7,610,,
201809,DB생명보험주식회사,3728,2143,1585,577,,,12,5,560,,
201809,DGB생명보험주식회사,724,3,721,282,,,4,5,273,,
201809,KB생명보험주식회사,619,211,408,361,,,10,5,346,,
201809,교보라이프플래닛생명보험주식회사,0,0,0,94,,,2,4,88,,
201809,교보생명보험주식회사,16697,226,16471,3854,,,33,7,3814,,
201809,농협생명보험주식회사,2349,0,2349,1094,,,8,7,1079,,
201809,동양생명보험주식회사,3318,152,3166,1016,,,14,8,994,,
201809,라이나생명보험주식회사,858,0,858,847,,,32,4,811,,
201809,메트라이프생명보험(주),3421,0,3421,592,,,24,5,563,,
201809,미래에셋생명보험주식회사,3787,29,3758,1206,,,36,5,1165,,
201809,비엔피파리바카디프생명보험주식회사,0,0,0,190,,,9,9,172,,
201809,삼성생명보험주식회사,38423,12747,25676,5315,,,62,7,5246,,
201809,신한생명보험주식회사,7672,66,7606,1294,,,10,7,1277,,
201809,아이비케이연금보험 주식회사,0,0,0,164,,,6,7,151,,
201809,에이비엘생명보험주식회사,3069,0,3069,931,,,14,7,910,,
201809,에이아이에이생명보험 주식회사,1517,0,1517,591,,,34,1,556,,
201809,오렌지라이프생명보험 주식회사,5412,0,5412,780,,,24,7,749,,
201809,처브라이프생명보험주식회사,541,112,429,183,,,4,6,173,,
201809,케이디비생명보험주식회사,2123,25,2098,627,,,8,7,612,,
201809,푸르덴셜생명보험주식회사,1826,0,1826,539,,,26,5,508,,
201809,푸본현대생명보험주식회사,566,0,566,311,,,9,11,291,,
201809,하나생명보험주식회사,35,0,35,163,,,2,4,157,,
201809,한화생명보험주식회사,18442,386,18056,3939,,,48,7,3884,,
201809,흥국생명보험주식회사,1695,7,1688,648,,,17,7,624,,
201812,DB생명보험주식회사,3208,1703,1505,563,5,11,,,547,17,530
201812,DGB생명보험주식회사,701,3,698,277,5,3,,,269,18,251
201812,KB생명보험주식회사,627,244,383,350,5,10,,,335,18,317
201812,교보라이프플래닛생명보험주식회사,0,0,0,96,4,2,,,90,8,82
201812,교보생명보험주식회사,15656,230,15426,3839,7,34,,,3798,174,3624
201812,농협생명보험주식회사,2156,0,2156,1093,7,8,,,1078,261,817
201812,동양생명보험주식회사,3200,149,3051,1032,8,12,,,1012,66,946
201812,라이나생명보험주식회사,859,0,859,859,4,35,,,820,183,637
201812,메트라이프생명보험(주),3252,0,3252,589,5,25,,,559,15,544
201812,미래에셋생명보험주식회사,3637,33,3604,1085,5,39,,,1041,10,1031
201812,비엔피파리바카디프생명보험주식회사,0,0,0,185,9,8,,,168,11,157
201812,삼성생명보험주식회사,36240,12579,23661,5313,7,63,,,5243,172,5071
201812,신한생명보험주식회사,7347,64,7283,1290,7,10,,,1273,18,1255
201812,아이비케이연금보험 주식회사,0,0,0,160,7,7,,,146,5,141
201812,에이비엘생명보험주식회사,3002,0,3002,907,7,13,,,887,3,884
201812,에이아이에이생명보험 주식회사,1435,0,1435,595,5,34,,,556,15,541
201812,오렌지라이프생명보험 주식회사,5191,0,5191,781,7,24,,,750,6,744
201812,처브라이프생명보험주식회사,470,105,365,176,6,4,,,166,0,166
201812,케이디비생명보험주식회사,1991,24,1967,651,7,2,,,642,0,642
201812,푸르덴셜생명보험주식회사,1913,0,1913,544,5,26,,,513,33,480
201812,푸본현대생명보험주식회사,406,0,406,316,11,10,,,295,86,209
201812,하나생명보험주식회사,38,0,38,164,4,2,,,158,21,137
201812,한화생명보험주식회사,18054,370,17684,3937,6,50,,,3881,66,3815
201812,흥국생명보험주식회사,1814,12,1802,642,7,18,,,617,39,578
201903,DB생명보험주식회사,3545,2110,1435,582,5,13,,,564,19,545
201903,DGB생명보험주식회사,616,3,613,280,5,3,,,272,16,256
201903,KB생명보험주식회사,580,280,300,350,5,9,,,336,14,322
201903,교보라이프플래닛생명보험주식회사,0,0,0,97,4,2,,,91,8,83
201903,교보생명보험주식회사,14870,199,14671,3888,7,36,,,3845,161,3684
201903,농협생명보험주식회사,2016,0,2016,1075,6,8,,,1061,247,814
201903,동양생명보험주식회사,3058,147,2911,1012,7,13,,,992,56,936
201903,라이나생명보험주식회사,855,0,855,814,4,30,,,780,152,628
201903,메트라이프생명보험(주),3232,0,3232,591,5,25,,,561,15,546
201903,미래에셋생명보험주식회사,3531,33,3498,1058,5,38,,,1015,8,1007
201903,비엔피파리바카디프생명보험주식회사,0,0,0,192,9,8,,,175,11,164
201903,삼성생명보험주식회사,37913,13131,24782,5308,7,60,,,5241,169,5072
201903,신한생명보험주식회사,6998,22,6976,1256,7,9,,,1240,22,1218
201903,아이비케이연금보험 주식회사,0,0,0,167,7,8,,,152,4,148
201903,에이비엘생명보험주식회사,2468,0,2468,907,8,13,,,886,4,882
201903,에이아이에이생명보험 주식회사,1414,0,1414,595,5,33,,,557,12,545
201903,오렌지라이프생명보험 주식회사,5015,0,5015,777,6,24,,,747,6,741
201903,처브라이프생명보험주식회사,412,87,325,172,6,4,,,162,0,162
201903,케이디비생명보험주식회사,1761,20,1741,670,7,11,,,652,14,638
201903,푸르덴셜생명보험주식회사,1871,0,1871,543,5,24,,,514,38,476
201903,푸본현대생명보험주식회사,466,0,466,334,11,8,,,315,105,210
201903,하나생명보험주식회사,45,0,45,166,4,7,,,155,21,134
201903,한화생명보험주식회사,17904,341,17563,3946,7,53,,,3886,60,3826
201903,흥국생명보험주식회사,1792,15,1777,638,6,19,,,613,40,573
201906,DB생명보험주식회사,3633,2120,1513,582,5,13,,,564,12,552
201906,DGB생명보험주식회사,469,4,465,274,5,4,,,265,14,251
201906,KB생명보험주식회사,744,451,293,371,5,9,,,357,15,342
201906,교보라이프플래닛생명보험주식회사,0,0,0,97,4,2,,,91,8,83
201906,교보생명보험주식회사,14568,185,14383,3873,7,36,,,3830,159,3671
201906,농협생명보험주식회사,1918,0,1918,1065,9,8,,,1048,212,836
201906,동양생명보험주식회사,2743,150,2593,1007,6,12,,,989,46,943
201906,라이나생명보험주식회사,852,0,852,788,4,31,,,753,131,622
201906,메트라이프생명보험(주),3429,0,3429,592,5,24,,,563,10,553
201906,미래에셋생명보험주식회사,3458,28,3430,1032,5,37,,,990,7,983
201906,비엔피파리바카디프생명보험주식회사,0,0,0,195,9,9,,,177,12,165
201906,삼성생명보험주식회사,37985,13433,24552,5258,7,59,,,5192,163,5029
201906,신한생명보험주식회사,7179,58,7121,1260,7,10,,,1243,24,1219
201906,아이비케이연금보험 주식회사,0,0,0,172,6,8,,,158,6,152
201906,에이비엘생명보험주식회사,2453,0,2453,903,7,12,,,884,4,880
201906,에이아이에이생명보험 주식회사,1490,0,1490,606,5,34,,,567,20,547
201906,오렌지라이프생명보험 주식회사,5143,0,5143,782,6,21,,,755,8,747
201906,처브라이프생명보험주식회사,381,61,320,167,7,2,,,158,0,158
201906,케이디비생명보험주식회사,1647,22,1625,667,7,11,,,649,10,639
201906,푸르덴셜생명보험주식회사,1978,0,1978,556,5,26,,,525,41,484
201906,푸본현대생명보험주식회사,506,0,506,353,11,9,,,333,115,218
201906,하나생명보험주식회사,43,0,43,169,4,7,,,158,25,133
201906,한화생명보험주식회사,18153,305,17848,3949,7,52,,,3890,60,3830
201906,흥국생명보험주식회사,1791,15,1776,619,7,18,,,594,41,553
201909,DB생명보험주식회사,3633,2120,1513,582,5,13,,,564,12,552
201909,DGB생명보험주식회사,325,2,323,272,5,4,,,263,13,250
201909,KB생명보험주식회사,610,489,121,344,5,9,,,330,11,319
201909,교보라이프플래닛생명보험주식회사,0,0,0,102,4,2,,,96,9,87
201909,교보생명보험주식회사,14513,176,14337,3849,7,35,,,3807,155,3652
201909,농협생명보험주식회사,1813,0,1813,1057,9,8,,,1040,209,831
201909,동양생명보험주식회사,2593,147,2446,1006,7,12,,,987,28,959
201909,라이나생명보험주식회사,814,0,814,793,4,28,,,761,139,622
201909,메트라이프생명보험(주),3392,0,3392,593,5,23,,,565,14,551
201909,미래에셋생명보험주식회사,3386,22,3364,1054,5,37,,,1012,21,991
201909,비엔피파리바카디프생명보험주식회사,0,0,0,207,9,10,,,188,20,168
201909,삼성생명보험주식회사,37965,13429,24536,5271,7,58,,,5206,168,5038
201909,신한생명보험주식회사,7140,58,7082,1258,7,10,,,1241,24,1217
201909,아이비케이연금보험 주식회사,0,0,0,171,7,9,,,155,5,150
201909,에이비엘생명보험주식회사,2443,0,2443,905,7,10,,,888,4,884
201909,에이아이에이생명보험 주식회사,1412,0,1412,618,5,37,,,576,19,557
201909,오렌지라이프생명보험 주식회사,5215,0,5215,786,6,21,,,759,12,747
201909,처브라이프생명보험주식회사,351,51,300,168,7,3,,,158,0,158
201909,케이디비생명보험주식회사,1633,24,1609,661,7,11,,,643,11,632
201909,푸르덴셜생명보험주식회사,1982,0,1982,559,5,25,,,529,36,493
201909,푸본현대생명보험주식회사,474,0,474,369,11,9,,,349,127,222
201909,하나생명보험주식회사,45,0,45,170,4,8,,,158,26,132
201909,한화생명보험주식회사,18327,274,18053,3994,7,52,,,3935,66,3869
201909,흥국생명보험주식회사,1827,15,1812,632,7,19,,,606,44,562
201912,DB생명보험주식회사,3721,2184,1537,590,5,13,,,572,10,562
201912,DGB생명보험주식회사,288,2,286,241,5,4,,,232,11,221
201912,KB생명보험주식회사,728,557,171,343,5,9,,,329,11,318
201912,교보라이프플래닛생명보험주식회사,0,0,0,100,4,2,,,94,8,86
201912,교보생명보험주식회사,14427,171,14256,3822,6,35,,,3781,157,3624
201912,농협생명보험주식회사,1678,0,1678,1050,9,8,,,1033,203,830
201912,동양생명보험주식회사,2468,147,2321,1005,7,14,,,984,20,964
201912,라이나생명보험주식회사,1111,0,1111,819,5,28,,,786,154,632
201912,메트라이프생명보험(주),3361,0,3361,596,5,23,,,568,18,550
201912,미래에셋생명보험주식회사,3381,44,3337,1050,5,38,,,1007,10,997
201912,비엔피파리바카디프생명보험주식회사,0,0,0,207,9,9,,,189,19,170
201912,삼성생명보험주식회사,38310,14133,24177,5232,7,58,,,5167,162,5005
201912,신한생명보험주식회사,7227,55,7172,1254,7,10,,,1237,24,1213
201912,아이비케이연금보험 주식회사,0,0,0,176,7,10,,,159,5,154
201912,에이비엘생명보험주식회사,2401,0,2401,892,7,10,,,875,3,872
201912,에이아이에이생명보험 주식회사,1359,0,1359,618,5,36,,,577,16,561
201912,오렌지라이프생명보험 주식회사,5126,0,5126,778,6,19,,,753,12,741
201912,처브라이프생명보험주식회사,309,41,268,168,7,4,,,157,0,157
201912,케이디비생명보험주식회사,1632,24,1608,682,7,11,,,664,16,648
201912,푸르덴셜생명보험주식회사,2054,0,2054,564,5,23,,,536,37,499
201912,푸본현대생명보험주식회사,425,0,425,374,10,10,,,354,124,230
201912,하나생명보험주식회사,47,0,47,173,4,8,,,161,26,135
201912,한화생명보험주식회사,18043,235,17808,4004,6,53,,,3945,71,3874
201912,흥국생명보험주식회사,1829,20,1809,624,7,17,,,600,43,557
202003,DB생명보험주식회사,3627,2164,1463,614,5,13,,,596,8,588
202003,DGB생명보험주식회사,260,3,257,237,5,5,,,227,10,217
202003,KB생명보험주식회사,732,568,164,342,5,9,,,328,6,322
202003,교보라이프플래닛생명보험주식회사,0,0,0,99,4,2,,,93,8,85
202003,교보생명보험주식회사,14400,171,14229,3873,7,34,,,3832,175,3657
202003,농협생명보험주식회사,1470,0,1470,1036,9,8,,,1019,191,828
202003,동양생명보험주식회사,2483,147,2336,1001,7,14,,,980,26,954
202003,라이나생명보험주식회사,967,0,967,804,5,26,,,773,146,627
202003,메트라이프생명보험(주),3373,0,3373,604,5,24,,,575,19,556
202003,미래에셋생명보험주식회사,3388,65,3323,1041,6,37,,,998,10,988
202003,비엔피파리바카디프생명보험주식회사,0,0,0,208,9,10,,,189,15,174
202003,삼성생명보험주식회사,38681,14517,24164,5204,7,54,,,5143,166,4977
202003,신한생명보험주식회사,7367,51,7316,1245,6,11,,,1228,26,1202
202003,아이비케이연금보험 주식회사,0,0,0,176,7,10,,,159,5,154
202003,에이비엘생명보험주식회사,2427,0,2427,887,7,10,,,870,3,867
202003,에이아이에이생명보험 주식회사,1337,0,1337,614,5,34,,,575,17,558
202003,오렌지라이프생명보험 주식회사,4843,0,4843,768,6,19,,,743,9,734
202003,처브라이프생명보험주식회사,259,49,210,148,7,6,,,135,10,125
202003,케이디비생명보험주식회사,1531,23,1508,687,7,12,,,668,28,640
202003,푸르덴셜생명보험주식회사,1991,0,1991,563,4,23,,,536,35,501
202003,푸본현대생명보험주식회사,416,0,416,388,11,12,,,365,118,247
202003,하나생명보험주식회사,39,0,39,174,4,7,,,163,23,140
202003,한화생명보험주식회사,18962,211,18751,4080,7,60,,,4013,83,3930
202003,흥국생명보험주식회사,1801,24,1777,642,7,16,,,619,46,573
202006,DB생명보험주식회사,3599,2154,1445,608,5,13,,,590,4,586
202006,DGB생명보험주식회사,204,2,202,234,5,5,,,224,8,216
202006,KB생명보험주식회사,536,389,147,347,5,9,,,333,6,327
202006,교보라이프플래닛생명보험주식회사,0,0,0,103,4,2,,,97,4,93
202006,교보생명보험주식회사,14671,170,14501,3847,7,34,,,3806,173,3633
202006,농협생명보험주식회사,1277,0,1277,1035,9,8,,,1018,168,850
202006,동양생명보험주식회사,2486,151,2335,997,6,13,,,978,22,956
202006,라이나생명보험주식회사,1076,0,1076,800,5,23,,,772,151,621
202006,메트라이프생명보험(주),3478,0,3478,608,5,25,,,578,23,555
202006,미래에셋생명보험주식회사,3518,104,3414,1034,6,37,,,991,10,981
202006,비엔피파리바카디프생명보험주식회사,0,0,0,210,9,10,,,191,17,174
202006,삼성생명보험주식회사,38747,14170,24577,5187,7,54,,,5126,174,4952
202006,신한생명보험주식회사,7717,48,7669,1251,6,11,,,1234,30,1204
202006,아이비케이연금보험 주식회사,0,0,0,176,7,8,,,161,6,155
202006,에이비엘생명보험주식회사,2387,0,2387,867,7,10,,,850,3,847
202006,에이아이에이생명보험 주식회사,1291,1,1290,609,5,34,,,570,15,555
202006,오렌지라이프생명보험 주식회사,5299,0,5299,764,6,18,,,740,6,734
202006,처브라이프생명보험주식회사,185,13,172,141,6,8,,,127,1,126
202006,케이디비생명보험주식회사,1408,18,1390,710,7,11,,,692,28,664
202006,푸르덴셜생명보험주식회사,2129,0,2129,571,4,23,,,544,34,510
202006,푸본현대생명보험주식회사,446,0,446,395,11,12,,,372,108,264
202006,하나생명보험주식회사,30,0,30,178,4,6,,,168,21,147
202006,한화생명보험주식회사,19469,197,19272,4073,7,61,,,4005,88,3917
202006,흥국생명보험주식회사,1860,27,1833,647,7,16,,,624,42,582
202009,DB생명보험주식회사,3583,2156,1427,598,5,13,,,580,2,578
202009,DGB생명보험주식회사,140,2,138,233,5,5,,,223,8,215
202009,KB생명보험주식회사,991,853,138,347,5,9,,,333,4,329
202009,교보라이프플래닛생명보험주식회사,0,0,0,105,4,2,,,99,7,92
202009,교보생명보험주식회사,14515,167,14348,3858,7,34,,,3817,171,3646
202009,농협생명보험주식회사,1217,0,1217,1030,9,8,,,1013,167,846
202009,동양생명보험주식회사,2478,163,2315,995,7,13,,,975,21,954
202009,라이나생명보험주식회사,1066,0,1066,819,5,25,,,789,152,637
202009,메트라이프생명보험(주),3431,0,3431,604,5,23,,,576,23,553
202009,미래에셋생명보험주식회사,3593,154,3439,1031,6,37,,,988,15,973
202009,비엔피파리바카디프생명보험주식회사,0,0,0,205,9,9,,,187,17,170
202009,삼성생명보험주식회사,38996,14435,24561,5209,7,54,,,5148,177,4971
202009,신한생명보험주식회사,7475,52,7423,1254,6,11,,,1237,37,1200
202009,아이비케이연금보험 주식회사,0,0,0,180,7,9,,,164,7,157
202009,에이비엘생명보험주식회사,2317,0,2317,867,7,12,,,848,0,848
202009,에이아이에이생명보험 주식회사,1276,1,1275,605,5,30,,,570,14,556
202009,오렌지라이프생명보험 주식회사,5241,0,5241,759,6,19,,,734,6,728
202009,처브라이프생명보험주식회사,197,20,177,141,6,8,,,127,1,126
202009,케이디비생명보험주식회사,1348,22,1326,711,7,12,,,692,32,660
202009,푸르덴셜생명보험주식회사,2158,0,2158,561,4,18,,,539,31,508
202009,푸본현대생명보험주식회사,450,0,450,392,11,11,,,370,83,287
202009,하나생명보험주식회사,31,0,31,180,4,6,,,170,22,148
202009,한화생명보험주식회사,20036,192,19844,4085,7,61,,,4017,91,3926
202009,흥국생명보험주식회사,1944,32,1912,652,7,16,,,629,38,591
